# kind	id	status	evidence_scope	evidence_test	evidence_contract	notes
tooling	version-surface	bounded	integration:cli_version	cli_version_reports_distribution_contract_without_compiling_source	public-boundary	--version reports the unstable-alpha compatibility boundary without compiling source
tooling	doctor-surface	bounded	integration:cli_version	cli_doctor_reports_no_run_toolchain_contract_without_compiling_source	public-boundary	doctor reports local toolchain and installation metadata as JSON with explicit no-run guards for source compilation GPU creation generated workloads and Pareas
tooling	formatter	bounded	integration:formatter	formatter_is_idempotent_for_alpha_slice	public-boundary	formatter has focused idempotence coverage for the current alpha slice
tooling	formatter-cli-check	bounded	integration:cli_formatter	cli_fmt_check_can_render_json_diagnostic_without_writing	fail-closed-diagnostic	formatter check mode reports LNC0019 JSON diagnostics for unformatted source without rewriting the input or compiling source
tooling	lsp-capabilities	bounded	integration:cli_lsp	cli_lsp_capabilities_reports_no_run_diagnostic_contract	public-boundary	LSP capability metadata exposes diagnostic registry source severity UTF-16 position contract stdio handshake methods and explicit no-run guards
tooling	lsp-stdio-handshake	bounded	integration:cli_lsp	cli_lsp_serve_handles_initialize_shutdown_without_compiling_source	public-boundary	LSP stdio server handles initialize shutdown and exit without source compilation GPU creation or target codegen
tooling	lsp-unsupported-method-diagnostic	bounded	integration:cli_lsp	cli_lsp_serve_reports_unsupported_method_with_stable_diagnostic_data	public-boundary	LSP stdio server reports unsupported request methods with JSON-RPC method-not-found error data carrying LNC0028 diagnostic metadata supported-method inventory and no-run guards
tooling	diagnostic-registry-cli	bounded	integration:cli_diagnostics	cli_diagnostics_registry_prints_combined_registry_json_without_compiling_source	artifact-contract	diagnostics registry command prints combined diagnostic code category and unsupported-boundary JSON without compiling source
tooling	diagnostic-categories-cli	bounded	integration:cli_diagnostics	cli_diagnostics_categories_groups_codes_by_stable_category_without_compiling_source	public-boundary	diagnostics categories command prints grouped diagnostic code metadata and no-run guards without compiling source
tooling	diagnostic-explain-cli	bounded	integration:cli_diagnostics	cli_diagnostics_explain_prints_single_code_json_without_compiling_source	public-boundary	diagnostics explain command prints one code-specific JSON explanation with unsupported-boundary metadata without compiling source
tooling	diagnostic-explain-unknown-cli	bounded	integration:cli_diagnostics	cli_diagnostics_explain_reports_unknown_code_as_machine_readable_result	public-boundary	diagnostics explain reports unknown codes as successful machine-readable no-run queries with null metadata
tooling	diagnostic-formats-cli	bounded	integration:cli_diagnostics	cli_diagnostics_formats_prints_machine_readable_contract_without_compiling_source	public-boundary	diagnostics formats command prints accepted diagnostic render formats output streams payload shapes and position contracts without compiling source
diagnostics	output-formats-api	bounded	integration:cli_diagnostics	diagnostic_output_formats_json_describes_cli_payload_contracts	artifact-contract	library diagnostic format registry serializes text JSON and LSP JSON payload contracts including formatter-check support
diagnostics	text-syntax	bounded	integration:cli_diagnostics	cli_single_file_syntax_error_renders_stable_diagnostic	fail-closed-diagnostic	text diagnostics render single-file LNC0016 syntax errors with source context and without raw GPU wrapper strings
diagnostics	json-syntax	bounded	integration:cli_diagnostics	cli_single_file_syntax_error_can_render_json_diagnostic	fail-closed-diagnostic	JSON diagnostics exist for stable compiler diagnostics in the bounded CLI slice
diagnostics	check-json-syntax	bounded	integration:cli_diagnostics	cli_check_syntax_error_can_render_json_diagnostic_without_stdout	fail-closed-diagnostic	check mode can emit one JSON diagnostic object for stable compiler diagnostics without target bytes
diagnostics	lsp-json-check	bounded	integration:cli_diagnostics	cli_check_syntax_error_can_render_lsp_json_diagnostic_without_stdout	fail-closed-diagnostic	check mode can emit one LSP Diagnostic-shaped JSON object for stable compiler diagnostics without target bytes or a language-server envelope
diagnostics	lsp-json-renderer	bounded	integration:cli_diagnostics	diagnostic_lsp_json_renderer_exposes_protocol_fields_without_envelope	artifact-contract	LSP JSON renderer exposes protocol fields without a publishDiagnostics envelope or legacy diagnostic fields
diagnostics	check-valid-no-output	bounded	integration:cli_diagnostics	cli_check_valid_source_suppresses_target_bytes	public-boundary	check mode suppresses target bytes and diagnostics for valid source in the bounded CLI slice
diagnostics	text-type-mismatch	bounded	integration:cli_diagnostics	cli_single_file_assignment_mismatch_renders_stable_diagnostic	fail-closed-diagnostic	text diagnostics render single-file LNC0006 assignment type mismatches with source context and without raw GPU rejection strings
diagnostics	call-resolution-method	bounded	integration:type_checker_semantics	type_checker_rejects_trait_method_dispatch_until_gpu_lookup_supports_it	fail-closed-diagnostic	unsupported trait-method dot-call dispatch reports a source-spanned LNC0027 call-resolution diagnostic instead of a generic type mismatch
diagnostics	trait-impl-method-where	bounded	integration:type_checker_semantics	type_checker_rejects_trait_impl_method_where_clauses_on_gpu	fail-closed-diagnostic	trait impl methods with method-level where clauses report source-spanned LNC0021 instead of partially comparing the signature without explicit predicate rows
diagnostics	source-root-import-syntax	bounded	integration:cli_diagnostics	cli_source_root_import_syntax_error_renders_stable_file_diagnostic	fail-closed-diagnostic	imported source-root syntax errors render LNC0016 against the malformed imported file with source context
diagnostics	cli-unsupported-option-json	bounded	integration:cli_diagnostics	cli_unsupported_emit_target_can_render_json_diagnostic_without_compiling_source	fail-closed-diagnostic	covered unsupported emit-target values render LNC0018 JSON diagnostics before source loading
diagnostics	cli-unknown-flag-json	bounded	integration:cli_diagnostics	cli_unknown_flag_can_render_json_diagnostic_without_compiling_source	fail-closed-diagnostic	covered unknown top-level flags render LNC0020 JSON diagnostics before source loading
diagnostics	diagnostic-subcommand-format-position	bounded	integration:cli_diagnostics	cli_diagnostics_registry_accepts_diagnostic_format_after_subcommand	public-boundary	diagnostic no-run subcommands accept the global diagnostic-format selector after the subcommand while still printing the requested metadata
diagnostics	registered-codes	bounded	lib:laniusc	diagnostic_creation_rejects_unregistered_codes_in_debug_builds	artifact-contract	debug/test builds reject diagnostics that use unregistered external codes
diagnostics	registry-json	bounded	integration:cli_diagnostics	diagnostic_registry_json_contains_code_metadata_categories_and_unsupported_boundaries	artifact-contract	combined diagnostic registry serializes schema version, codes, categories, and unsupported-feature boundaries as structured JSON for tooling experiments
diagnostics	lsp-registry-hints	bounded	integration:cli_diagnostics	diagnostic_registry_json_contains_code_metadata_categories_and_unsupported_boundaries	artifact-contract	diagnostic code registry JSON exposes default severity plus LSP source and numeric severity hints for editor experiments
packages	manifest-source-roots	bounded	integration:cli_package_manifest	cli_package_manifest_compiles_entry_through_source_roots	public-boundary	package manifests compile through source-root loading metadata without source rewriting
packages	manifest-public-serde-integrity	bounded	integration:package_manifest	package_manifest_public_serde_enforces_manifest_shape	artifact-contract	public package-manifest serde parsing and serialization reject invalid root and entry metadata instead of accepting unchecked manifest artifacts
packages	lockfile-source-roots	bounded	integration:cli_package_manifest	cli_package_lockfile_compiles_entry_through_resolved_source_roots	public-boundary	package lockfiles replay resolved source-root metadata through the compiler path
packages	package-lock-command	bounded	integration:cli_package_manifest	cli_package_lock_generates_lockfile_that_existing_compile_path_uses	public-boundary	package lock generation writes a lockfile whose resolved source-root metadata is consumed by the existing package-lockfile compile path
packages	lockfile-import-input-integrity	bounded	integration:package_manifest	package_lockfile_rejects_import_graph_edges_missing_from_input_identity	artifact-contract	package lockfiles reject persisted import graph edges whose source or target files are absent from the persisted input identity
packages	lockfile-source-identity-integrity	bounded	integration:package_manifest	package_lockfile_records_and_validates_source_identities	artifact-contract	package lockfiles persist leading source module declarations and reject tampered source identity metadata before compiling
packages	lockfile-module-file-mapping-integrity	bounded	integration:package_manifest	package_lockfile_rejects_module_declaration_file_mapping_mismatch	artifact-contract	package lockfiles reject declared module paths that do not match resolved source-root-relative file paths before compiling
packages	lockfile-import-endpoint-identity-integrity	bounded	integration:package_manifest	package_lockfile_rejects_import_graph_module_endpoints_not_declared_by_source_identities	artifact-contract	package lockfiles reject import graph source or target module endpoint metadata that does not match the persisted source identity table
packages	lockfile-public-deserialize-integrity	bounded	integration:package_manifest	package_lockfile_public_deserialize_enforces_integrity_sections	artifact-contract	public package-lockfile deserialization requires persisted input identity, source identity, and import graph sections instead of accepting unchecked source-root metadata
packages	lockfile-canonical-path-integrity	bounded	integration:package_manifest	package_lockfile_rejects_non_canonical_resolved_entry_path	artifact-contract	package lockfiles reject hand-written resolved entry paths that are absolute and existing but not canonical
packages	lockfile-source-extension-integrity	bounded	integration:package_manifest	package_lockfile_source_metadata_requires_lani_source_paths	artifact-contract	package lockfiles reject persisted source input source identity and import graph endpoint paths that are canonical files but do not use the .lani source extension
packages	lockfile-library-root-integrity	bounded	integration:package_manifest	package_lockfile_rejects_input_identity_with_wrong_library_root	artifact-contract	package lockfiles reject persisted source inputs whose library ids do not match the resolved user or stdlib source roots
packages	lockfile-library-dependency-boundary	bounded	integration:package_manifest	package_lockfile_rejects_stdlib_to_user_library_dependency_metadata	artifact-contract	package lockfiles reject persisted library dependency metadata that declares stdlib-to-package/user dependencies
packages	lockfile-library-dependency-edge-integrity	bounded	integration:package_manifest	package_lockfile_rejects_library_dependency_without_import_edge	artifact-contract	package lockfiles reject persisted cross-library dependencies that are not justified by a persisted import graph edge
packages	package-name-not-import-evidence	bounded	integration:package_manifest	package_replay_does_not_resolve_missing_imports_from_package_name_metadata	public-boundary	package manifest replay lockfile replay and lockfile generation reject imports whose only matching identity is the package name metadata
packages	lockfile-import-endpoint-package-name-boundary	bounded	integration:package_manifest	package_lockfile_rejects_import_graph_endpoint_package_name_metadata	artifact-contract	package lockfiles reject persisted import graph endpoint module fields that use package-name metadata as module evidence for a different source identity
packages	lockfile-stale-import-graph-not-evidence	bounded	integration:package_manifest	package_lockfile_replay_rejects_stale_package_name_shaped_import_graph_edges	artifact-contract	lockfile replay rejects stale package-name-shaped persisted import graph edges when live source no longer declares the import and reports the stale edge instead of treating lock metadata as semantic evidence
packages	stdlib-fallback-precedence	bounded	integration:cli_package_manifest	cli_package_manifest_and_lockfile_use_stdlib_as_fallback	public-boundary	package manifests and generated lockfiles search package/user roots before stdlib fallback candidates for same module-path imports
packages	stdlib-import-user-boundary	bounded	integration:source_pack_package_boundaries	source_root_loader_rejects_stdlib_imports_into_user_roots_with_stable_diagnostic	fail-closed-diagnostic	live source-root loading rejects stdlib imports that resolve into package/user roots with LNC0024 instead of letting stdlib metadata depend on package/user sources
packages	check-package-manifest-imports	bounded	integration:cli_package_manifest	cli_package_manifest_string_import_json_stays_gpu_resolver_diagnostic	fail-closed-diagnostic	package-manifest check mode reports GPU resolver diagnostics instead of source-root quoted-import rewrites
packages	lockfile-quoted-import-boundary	bounded	integration:cli_package_manifest	cli_package_lock_rejects_quoted_import_json_before_writing_lockfile	fail-closed-diagnostic	package lock generation rejects quoted imports with LNC0011 before writing a lockfile so persisted import graphs cannot omit unsupported import edges
packages	manifest-metadata-json-diagnostic	bounded	integration:cli_package_manifest	cli_package_manifest_invalid_metadata_can_render_json_without_compiling_source	fail-closed-diagnostic	invalid package manifest metadata renders LNC0037 JSON diagnostics with selector path and public validation notes before source compilation or target output
imports	source-root-non-source-canonical-target	bounded	integration:source_pack_package_boundaries	source_root_loader_rejects_import_symlink_to_non_source_file	fail-closed-diagnostic	source-root import loading rejects module candidates whose source-looking path resolves to a canonical non-.lani file and reports a source-spanned diagnostic before GPU type checking
diagnostics	cli-source-root-non-source-canonical-target	bounded	integration:cli_stdlib_root	cli_source_root_rejects_import_symlink_to_non_source_file_before_gpu	public-boundary	CLI source-root compilation reports LNC0030 for module imports whose source-looking path resolves to a canonical non-.lani file without leaking a generic GPU frontend error
imports	user-source-root	bounded	integration:type_checker_modules	type_checker_entry_source_root_loads_user_module_imports	semantic-contract	user module imports can be loaded from source roots and consumed by the GPU type checker
imports	stdlib-root	bounded	integration:type_checker_modules	type_checker_entry_stdlib_root_type_checks_core_mem_generics	semantic-contract	stdlib-root imports can load ordinary generic core helpers and type-check imported-name and qualified caller uses through the GPU entry path
imports	ambiguous-imported-public-names	bounded	integration:type_checker_modules	type_checker_rejects_ambiguous_imported_names	semantic-contract	GPU import visibility rejects same-name public type and value declarations imported from different modules instead of resolving by first match or module load order
imports	import-visibility-order-independent	bounded	integration:type_checker_modules	type_checker_rejects_ambiguous_imported_names_independent_of_source_and_import_order	semantic-contract	imported public value ambiguity rejects after source-order and import-order reversal, requiring validation after import visibility rows rather than first-match lookup
stdlib	core-target-capabilities	bounded	integration:type_checker_modules	type_checker_entry_stdlib_root_type_checks_core_target_capability_contract	semantic-contract	core target capability constants, host/runtime service probes, and freestanding predicate type-check through stdlib-root from an importing caller
stdlib	core-i64-width-metadata	bounded	integration:stdlib_runtime_contract	core_i64_integer_width_metadata_type_checks_through_stdlib_root	semantic-contract	core::i64 numeric BITS and BYTES metadata type-check through stdlib-root as imported and qualified constants from an importing caller
parser-hir	import-records	bounded	integration:parser_hir_records	parser_hir_import_records_carry_source_pack_file_ids_and_token_spans	record-invariant	import HIR records retain source-pack file ids and token spans
parser-hir	function-return-records	bounded	integration:parser_hir_records	parser_hir_function_return_records_scale_as_parser_owned_edges	record-invariant	function return records retain parser-owned function-to-type node edges, source-pack file ids, and token-span linkage across dozens of rows
parser-hir	return-statement-records	bounded	integration:parser_hir_records	parser_hir_return_statement_records_publish_strict_return_rows_in_source_packs	record-invariant	empty and valued return statement records retain strict parser-owned return row kinds, source-pack file ids, non-empty spans, expression edges, and value-token linkage; readback fails closed on non-return rows
parser-hir	qualified-type-path-leaves	bounded	integration:parser_hir_records	parser_hir_qualified_type_paths_publish_leaf_records_in_source_packs	record-invariant	qualified generic type paths expose GPU-produced leaf records with source-pack file ids and spans
parser-hir	qualified-value-path-binary-operands	bounded	integration:parser_hir_records	parser_hir_expression_records_link_qualified_path_binary_operands_in_source_packs	record-invariant	qualified value paths followed by scalar arithmetic publish parser-owned binary expression operands instead of being retagged as trait-bound syntax
parser-hir	generic-type-argument-records	bounded	integration:parser_hir_records	parser_hir_generic_type_arguments_are_source_addressable_in_source_packs	record-invariant	generic type argument records retain parser-owned first/count/next chains, source-pack file ids, and token-span linkage; readback fails closed on malformed type-argument chains
parser-hir	type-alias-target-records	bounded	integration:parser_hir_records	parser_hir_type_alias_target_records_are_source_addressable_in_source_packs	record-invariant	type alias target records retain source-pack file ids and token-span linkage
parser-hir	call-argument-records	bounded	integration:parser_hir_records	parser_hir_call_argument_records_are_source_addressable_in_source_packs	record-invariant	call argument records retain owner, ordinal, source-pack file id, and token-span linkage
parser-hir	trait-and-impl-method-declaration-records	bounded	integration:parser_hir_records	parser_hir_trait_and_impl_method_declaration_records_are_source_addressable_in_source_packs	record-invariant	trait and inherent-impl method declarations publish parser-owned owner name visibility receiver first-parameter file-id and span records before predicate or type-checker consumers read method contracts
parser-hir	trait-impl-method-declaration-records	bounded	integration:parser_hir_records	parser_hir_trait_impl_method_declaration_records_are_source_addressable_in_source_packs	record-invariant	impl Trait for Type method declarations publish parser-owned owner name visibility receiver first-parameter file-id and span records before predicate or type-checker consumers read trait-impl method contracts
parser-hir	method-return-type-records	bounded	integration:parser_hir_records	parser_hir_method_return_records_publish_parser_owned_type_edges	record-invariant	trait declarations inherent impl methods and impl Trait for Type methods publish parser-owned return type edges with source-pack file ids and spans before predicate or type-checker consumers read method signatures
parser-hir	method-signature-status-records	bounded	integration:parser_hir_records	parser_hir_method_signature_flags_publish_parser_owned_method_level_records	record-invariant	trait declarations and impl Trait for Type methods publish parser-owned method-level generic and where-clause signature flags before predicate or type-checker consumers read method contracts
parser-hir	method-receiver-records	bounded	integration:parser_hir_records	parser_hir_method_receiver_record_feeds_type_checking_not_callee_spelling	record-invariant	method receiver HIR records retain callee receiver token and file-id linkage, and a same-spelled global decoy proves later type checking consumes the receiver-selected HIR record
parser-hir	array-literal-records	bounded	integration:parser_hir_records	parser_hir_array_literal_records_are_source_addressable_in_source_packs	record-invariant	array literal records retain element owners, ordinals, next links, source-pack file ids, and token-span linkage; readback fails closed on malformed owner/count/ordinal/next chains
parser-hir	array-literal-local-context	bounded	integration:parser_hir_records	parser_hir_array_literal_local_declaration_context_feeds_type_checking	semantic-contract	parser-owned array literal records feed local declaration context type checking with positive source-pack acceptance and a source-spanned length-mismatch diagnostic
parser-hir	expression-result-root-records	bounded	integration:parser_hir_records	parser_hir_resident_readback_publishes_expression_roots_and_statement_contexts	record-invariant	resident parser readback exposes expression result root rows for direct call array and struct roots plus forwarding wrappers so downstream semantic passes consume root records instead of chasing expression forwards
parser-hir	contextual-nearest-statement-records	bounded	integration:parser_hir_records	parser_hir_resident_readback_publishes_expression_roots_and_statement_contexts	record-invariant	resident parser readback exposes nearest statement rows and call array struct contextual statement rows for let and return contexts
parser-hir	contextual-nearest-block-control-records	bounded	integration:parser_hir_records	parser_hir_resident_readback_publishes_enclosing_control_contexts	record-invariant	resident parser readback exposes nearest block and enclosing-control rows so codegen consumers do not climb HIR parents for block or control membership
parser-hir	contextual-nearest-function-records	bounded	integration:parser_hir_records	parser_hir_resident_readback_publishes_nearest_function_contexts	record-invariant	resident parser readback exposes nearest function rows for nested statements and expressions so downstream consumers do not climb HIR parents for function membership
parser-hir	enum-variant-payload-records	bounded	integration:parser_hir_records	parser_hir_enum_variant_payload_records_are_source_addressable_in_source_packs	record-invariant	enum variant payload records retain owner, ordinal, source-pack file id, and token-span linkage
parser-hir	match-payload-records	bounded	integration:parser_hir_records	parser_hir_match_payload_records_are_source_addressable_in_source_packs	record-invariant	match payload records retain arm, payload ordinal, file-id, and source-span linkage
parser-hir	struct-field-records	bounded	integration:parser_hir_records	parser_hir_struct_field_records_are_source_addressable_in_source_packs	record-invariant	struct declaration and literal field records retain owners ordinals file ids spans and value/type links; struct literal readback fails closed on malformed owner/count/next/value chains
parser-hir	struct-literal-field-selection-context	bounded	integration:parser_hir_records	parser_hir_struct_literal_field_records_feed_type_checking_not_field_spelling	semantic-contract	struct literal field values are typed by the selected struct record identity rather than same-spelled decoy fields, with positive and fail-closed source-pack cases
semantics	qualified-trait-bounds	bounded	integration:type_checker_semantics	type_checker_resolves_qualified_two_arg_trait_bounds_by_decl_identity	semantic-contract	qualified trait obligations resolve by declaration identity for concrete scalar arguments
semantics	nonzero-generic-slot-trait-bounds	bounded	integration:type_checker_semantics	type_checker_substitutes_trait_bound_subjects_from_nonzero_generic_slots_on_gpu	semantic-contract	trait obligations substitute subjects from nonzero generic slots on the GPU type-check path
semantics	two-generic-slot-trait-arguments	bounded	integration:type_checker_semantics	type_checker_substitutes_two_trait_bound_arguments_from_generic_slots_on_gpu	semantic-contract	trait obligations substitute two generic bound argument slots on the GPU type-check path
semantics	generic-enum-constructor-context	bounded	integration:type_checker_semantics	type_checker_accepts_contextual_generic_enum_constructors_on_gpu	semantic-contract	generic enum constructors consume parser-owned call context rows and per-payload validation rows for let and return expected-type substitution on the GPU type-check path
semantics	generic-enum-match-payloads	bounded	integration:type_checker_semantics	type_checker_substitutes_generic_enum_match_payloads_by_variant_slot_on_gpu	semantic-contract	generic enum match payloads substitute independently by variant slot on the GPU type-check path
semantics	distinct-generic-receiver-methods	bounded	integration:type_checker_semantics	type_checker_accepts_distinct_methods_on_concrete_generic_receiver_impls	semantic-contract	distinct method names on concrete generic receiver impls type-check on matching instances
semantics	generic-method-receiver-instance-rejection	bounded	integration:type_checker_semantics	type_checker_matches_same_name_methods_by_concrete_generic_receiver_arguments	semantic-contract	method resolution rejects methods whose bounded concrete receiver arguments do not match the call receiver
semantics	same-name-generic-method-overloads	bounded	integration:type_checker_semantics	type_checker_matches_same_name_methods_by_concrete_generic_receiver_arguments	semantic-contract	same-name inherent methods across different concrete generic instances use bounded receiver-instance method keys
semantics	source-pack-two-arg-generic-method-overloads	bounded	integration:type_checker_semantics	type_checker_matches_methods_by_two_concrete_generic_receiver_arguments_in_source_pack	semantic-contract	source-pack method resolution includes two concrete receiver type-argument refs in bounded method keys
semantics	generic-field-receiver-methods	bounded	integration:type_checker_semantics	type_checker_resolves_methods_on_generic_field_receivers_from_member_records	semantic-contract	method calls whose receiver is a projected concrete generic struct field consume parser HIR member records plus member-result type-instance refs for receiver-key lookup
semantics	generic-method-return-substitution	bounded	integration:type_checker_semantics	type_checker_reports_generic_inherent_method_returns_outside_bounded_gpu_slice	fail-closed-diagnostic	generic inherent method returns that name an impl generic parameter fail closed with a source-spanned type diagnostic until receiver-argument return substitution exists on the GPU method-resolution path
semantics	nested-direct-generic-function-calls	bounded	integration:type_checker_generics	type_checker_accepts_nested_direct_generic_function_calls	semantic-contract	nested direct generic helper calls substitute parameter and return types on the GPU type-check path without CPU generic instantiation
semantics	nested-generic-forwarding-helpers	bounded	integration:type_checker_generics	type_checker_accepts_nested_generic_forwarding_through_helpers	semantic-contract	generic helper forwarding through nested calls type-checks through GPU call substitution records instead of CPU source rewriting
codegen	wasm-source-pack-call	bounded	integration:codegen_wasm	wasm_executes_source_pack_function_call	execution-contract	wasm backend executes a focused source-pack function call
codegen	x86-scalar-bool-branches	bounded	integration:codegen_x86	x86_executes_scalar_boolean_operators_in_branches	execution-contract	x86 backend executes scalar boolean operators through native branch output
codegen	x86-scalar-div-mod-bitwise-shift	bounded	integration:codegen_x86	x86_executes_scalar_div_mod_bitwise_and_shift_ops	execution-contract	x86 backend executes scalar division and modulo with literal nonzero divisors plus bitwise and shift HIR expression rows through native output
codegen	x86-bool-returning-call-condition	bounded	integration:codegen_x86	x86_executes_bool_returning_helper_call_in_branch_condition	execution-contract	x86 backend executes a bool-returning direct helper call as a native branch condition through GPU call records and condition lowering
codegen	x86-four-argument-call	bounded	integration:codegen_x86	x86_executes_four_argument_call_with_mixed_argument_sources	execution-contract	x86 backend executes the four-slot direct call ABI with mixed local expression and literal arguments
codegen	x86-fail-closed-call-abi	bounded	integration:codegen_x86	x86_rejects_unsupported_five_argument_call_in_codegen	fail-closed-diagnostic	x86 backend reports a source-spanned native diagnostic for direct calls outside the bounded packed call ABI
codegen	x86-source-pack-four-argument-call	bounded	integration:codegen_x86	x86_executes_source_pack_four_argument_helper_call	execution-contract	x86 backend executes an imported source-pack helper through the four-slot direct call ABI
codegen	x86-source-pack-aggregate-return-call	bounded	integration:codegen_x86	x86_executes_source_pack_aggregate_return_helper_call	execution-contract	x86 backend executes an imported source-pack helper returning a bounded aggregate
codegen	x86-retained-hir-no-parser-replay	planned	-	-	-	source-pack x86 now carries only diagnostic token rows and source length past the parser/typecheck boundary; remaining public gate should compile a two-file source-pack and assert native ELF exit plus one parser boundary from retained parser HIR type and module records, without compiler or shader greps or pass-name assertions
codegen	x86-source-pack-qualified-const-arithmetic	bounded	integration:codegen_x86	x86_executes_source_pack_qualified_scalar_const_return	execution-contract	x86 backend executes an imported source-pack qualified scalar const inside a small arithmetic return expression
codegen	x86-while-break-continue	bounded	integration:codegen_x86	x86_executes_while_break_and_continue	execution-contract	x86 backend executes while loops with break and continue through native control-flow output
codegen	x86-for-array-break-continue	bounded	integration:codegen_x86	x86_executes_for_array_with_break_and_continue	execution-contract	x86 backend executes array for loops with break and continue through native control-flow output
codegen	x86-fail-closed-loop-contained-call	bounded	integration:codegen_x86	x86_rejects_loop_condition_call_before_codegen_timeout	fail-closed-diagnostic	x86 backend fails closed with a specific diagnostic for unsupported loop-contained helper calls
codegen	x86-fail-closed-postfix-expression	bounded	integration:codegen_x86	x86_rejects_postfix_increment_before_silent_noop	fail-closed-diagnostic	x86 backend fails closed with a source-spanned diagnostic for postfix expressions until read-modify-write lowering exists
codegen	x86-fail-closed-prefix-unary-expression	bounded	integration:codegen_x86	x86_rejects_prefix_increment_before_silent_noop	fail-closed-diagnostic	x86 backend fails closed with a source-spanned diagnostic for unsupported prefix/unrecorded unary expressions until read-modify-write lowering exists
codegen	x86-indexed-assignment	bounded	integration:codegen_x86	x86_executes_indexed_assignment_with_dynamic_index	execution-contract	x86 backend executes local-array indexed assignments through native indexed store output
codegen	x86-fail-closed-array-index-bounds	bounded	integration:codegen_x86	x86_rejects_static_out_of_bounds_array_index_before_native_memory_access	fail-closed-diagnostic	x86 backend fails closed with a source-spanned diagnostic for statically known out-of-bounds array indexes before native indexed memory access
codegen	x86-fail-closed-aggregate-temporary-member	bounded	integration:codegen_x86	x86_rejects_aggregate_return_temporary_member_with_diagnostic	fail-closed-diagnostic	x86 backend fails closed with a source-spanned diagnostic for member reads from aggregate return temporaries until temporary aggregate materialization is lowered
codegen	x86-fail-closed-zero-divisor	bounded	integration:codegen_x86	x86_rejects_compile_time_zero_divisor_before_native_fault	fail-closed-diagnostic	x86 backend fails closed with a source-spanned diagnostic for statically known zero divisors before native division can fault
codegen	x86-fail-closed-dynamic-divisor	bounded	integration:codegen_x86	x86_rejects_dynamic_divisor_until_runtime_trap_lowering_exists	fail-closed-diagnostic	x86 backend fails closed with a source-spanned diagnostic for divisors that are not literal or const-known nonzero until native trap lowering exists
codegen	x86-fail-closed-negative-one-divisor	bounded	integration:codegen_x86	x86_rejects_negative_one_divisor_until_signed_overflow_check_exists	fail-closed-diagnostic	x86 backend fails closed with a source-spanned diagnostic for signed -1 divisors until native signed-overflow trap lowering exists
codegen	x86-fail-closed-stdio-runtime	bounded	integration:codegen_x86	x86_rejects_stdout_runtime_call_until_runtime_binding_exists	fail-closed-diagnostic	x86 backend fails closed with a source-spanned native diagnostic for stdio runtime calls until the runtime/linker binding exists
stdlib	core-runtime-contract	bounded	integration:stdlib_runtime_contract	core_runtime_descriptor_inventory_type_checks_through_stdlib_root	semantic-contract	core runtime descriptor inventory, first/last service-id bounds, status predicates, runtime-bound API binding predicates, and aggregate contract-only runtime predicates type-check through stdlib-root as non-executable source seeds
stdlib	std-env-api-runtime-gates	bounded	integration:stdlib_runtime_contract	std_env_contract_type_checks_against_unbound_runtime_env_service_through_stdlib_root	semantic-contract	std::env variable API executability/runtime-binding predicates type-check through stdlib-root from an importing caller while remaining non-executable source contracts
stdlib	std-fs-api-runtime-gates	bounded	integration:stdlib_runtime_contract	std_fs_public_file_io_api_gates_type_check_through_stdlib_root	semantic-contract	std::fs file-I/O API executability/runtime-binding/blocked predicates type-check through stdlib-root from an importing caller while remaining non-executable source contracts
stdlib	std-process-api-runtime-gates	bounded	integration:stdlib_runtime_contract	std_process_public_api_gates_type_check_through_stdlib_root	semantic-contract	std::process argument and exit-code API executability/runtime-binding predicates type-check through stdlib-root from an importing caller while remaining non-executable source contracts
stdlib	std-time-api-runtime-gates	bounded	integration:stdlib_runtime_contract	std_time_public_clock_api_gates_type_check_through_stdlib_root	semantic-contract	std::time clock and sleep API executability/runtime-binding predicates type-check through stdlib-root from an importing caller while remaining non-executable source contracts
linking	runtime-service-contract-ids	bounded	integration:stdlib_runtime_contract	runtime_service_requirements_are_a_canonical_descriptor_set	artifact-contract	runtime service ids are written as canonical descriptor sets, persisted duplicate ids fail closed, and runtime-bound descriptors do not claim target bytes while services are unbound
linking	descriptor-record-flow-arrays	bounded	integration:stdlib_runtime_contract	linked_output_descriptor_json_rejects_output_record_on_input_array	artifact-contract	public descriptor JSON validation rejects descriptor record flows that reference the wrong input/output record array section
linking	descriptor-reserved-array-coverage	bounded	integration:stdlib_runtime_contract	linked_output_descriptor_json_rejects_reserved_array_without_matching_record	artifact-contract	public descriptor JSON validation rejects reserved flat record arrays that are not covered by exactly one matching descriptor record
linking	descriptor-bounded-array-counts	bounded	integration:stdlib_runtime_contract	linked_output_descriptor_json_rejects_bounded_reserved_array_without_record_count	artifact-contract	public descriptor JSON validation rejects bounded reserved flat record arrays unless the matching descriptor record carries the same element count
linking	descriptor-counted-record-backing	bounded	integration:stdlib_runtime_contract	linked_output_descriptor_json_rejects_counted_record_without_counted_array	artifact-contract	public descriptor JSON validation rejects counted descriptor records unless their backing flat record array carries the same persisted element count
linking	link-summary-unresolved-symbol-count	bounded	lib:laniusc	hierarchical_link_execution_descriptor_summary_persists_and_rejects_impossible_link_records	artifact-contract	persisted link execution summaries carry unresolved-symbol descriptor counts, partial-link pages may preserve them, and final linked-output pages reject them before executable output is claimed
linking	x86-object-section-link-summary	bounded	lib:laniusc	x86_link_execution_rejects_object_symbol_metadata_without_sections	artifact-contract	x86 link execution summaries reject object symbol or relocation metadata unless object section descriptor counts are also present, so object inputs cannot masquerade as descriptor-only symbol rows
linking	partial-link-object-section-carry	bounded	lib:laniusc	reduce_link_execution_rejects_carried_object_metadata_without_sections	artifact-contract	reduce link execution summaries reject object symbol or relocation metadata carried through partial-link inputs unless object section descriptor counts are also present, so partial-link keys cannot masquerade as object record evidence
linking	link-record-contracts	bounded	lib:laniusc	store_link_execution_page_rejects_descriptor_counts_without_record_contracts	artifact-contract	link execution summaries with nonzero interface object section symbol relocation or linked-output counts must carry explicit record contracts instead of descriptor-only count claims
linking	link-execution-store-input-artifact-evidence	bounded	lib:laniusc	store_link_execution_page_rejects_descriptor_only_paged_object_state	artifact-contract	link execution store-input validation rejects descriptor-summary rows when the page only carries paged counts and no concrete object artifact refs or partial-link output keys for the store to persist
linking	linked-output-partial-group-evidence	bounded	lib:laniusc	linked_output_descriptor_rejects_partial_link_inputs_without_group	artifact-contract	persisted final linked-output descriptors that consume partial-link records must retain the hierarchical link group identity that proves resumable link state
linking	link-group-dense-job-slot	bounded	lib:laniusc	hierarchical_link_group_plan_validation_rejects_stale_dense_job_slot	artifact-contract	persisted hierarchical link group pages must match the dense link job slot recorded by the link plan before execution metadata can be prepared
linking	link-execution-index-plan-integrity	bounded	lib:laniusc	validate_link_execution_index_for_plan_rejects_stale_plan_metadata	artifact-contract	persisted hierarchical link execution indexes must match the current link plan dense job and group metadata before resumable execution is trusted
architecture	pass-order-record-boundary-sequence	bounded	integration:generated_10k_gates	compiler_acceptance_measurement_plan_publishes_parallel_pass_evidence_classes	measurement-scaffold	no-run measurement scaffold publishes the paper-derived GPU compilation order as behavior-facing record invariant semantic execution and measurement-scaffold evidence classes with blocked claim status until bounded loops fail-closed fallbacks and the narrow non-claimable optimization contract are replaced
architecture	wasm-record-pass-order	planned	-	-	-	WASM HIR/module/backend pass-order evidence is missing; future evidence should prove HIR module/body records flow to byte emission through ordered GPU record boundaries without shader/source greps or host source replay
architecture	linking-gpu-pass-order	planned	-	-	-	link/object/relocation pass-order evidence is missing; future evidence should prove symbol section relocation object and byte-page records flow through GPU-owned record boundaries without CPU concatenation or patching at scale
performance	measurement-plan	bounded	integration:generated_10k_gates	compiler_acceptance_readiness_check_plan_validates_measurement_inventory	measurement-scaffold	no-run 5k/10k/20k measurement scaffold with canonical artifact paths, seed replay hashes, source replay line-count freshness checks, versioned command-env/status/machine-responsiveness capture, command-status source/phase/target/timeout/path identity, per-checkpoint Lanius/Pareas-source/Pareas-source-hash/Pareas-compiler-hash/Pareas-output/VRAM/readback/resource-usage/summary evidence manifests with claim_source provenance, wall-time status fields, local-artifact-only policy, paper_numbers_accepted=false, local_performance_claim_status=blocked, scaling_claim_status=blocked, claim_readiness_status=not-claimable, numeric metric freshness checks, readback span metric consistency checks, VRAM CSV header freshness checks, lanius.measurement-evidence-status.v1 completion fields, lanius.measurement-evidence-freshness.v1 stale-artifact fields, schema labels, and required artifact inventory is validated by readiness check-plan
performance	measurement-summary	bounded	integration:generated_10k_gates	compiler_acceptance_measurement_plan_publishes_checkpoint_evidence_manifest	measurement-scaffold	no-run measurement scaffold publishes a per-checkpoint lanius.measurement-summary.v1 TSV rollup path, producer command, required summary fields, source/benchmark-binary/command-environment/Pareas-source/Pareas-compiler hash fields, source replay line-count fields, local-run provenance, local-artifact-only policy, paper_numbers_accepted=false, local_performance_claim_status=blocked, scaling_claim_status=blocked, claim_readiness_status=not-claimable, required-artifact completeness, numeric Lanius wall time, local best_ms-derived throughput, local performance/readback/VRAM/Pareas evidence statuses, numeric readback max-span rollup, freshness status, command-environment schema, source replay line-count stale-artifact checks, resource-usage command identity stale-artifact checks, readback span metric consistency checks, VRAM CSV header stale-artifact checks, Pareas binary identity checks, quantitative-field stale-artifact checks, stale-artifact names, production-readiness completion blockers, optional Pareas status/wall-time fields, and a comparison ratio field for future measured runs
performance	claim-provenance-plan	bounded	integration:generated_10k_gates	compiler_acceptance_measurement_plan_publishes_claim_provenance_boundaries	measurement-scaffold	no-run measurement scaffold publishes lanius.measurement-claim-provenance.v1 fields in the plan, command-environment artifact, and per-checkpoint summary so paper baselines remain reference-only and local performance VRAM scaling and Pareas claims require fresh local artifacts while local_performance_claim_status=blocked, scaling_claim_status=blocked, and claim_readiness_status=not-claimable
performance	parallel-pass-contract-plan	bounded	integration:generated_10k_gates	compiler_acceptance_measurement_plan_publishes_parallel_pass_evidence_classes	measurement-scaffold	no-run measurement scaffold publishes lanius.parallel-pass-contracts.v1 evidence classes for record invariant semantic execution and measurement-scaffold boundaries requiring scale claims to carry behavior-facing artifact metadata in the command environment and measurement summary instead of relying on paper numbers broad line-count runs private pass-name lists or compiler source greps; local_performance_claim_status=blocked, scaling_claim_status=blocked, and claim_readiness_status=not-claimable
tooling	lsp-document-diagnostics	bounded	integration:cli_lsp	cli_lsp_serve_returns_document_diagnostics_for_opened_source	public-boundary	LSP stdio server stores opened documents and returns full textDocument diagnostic reports containing LSP-shaped GPU compiler diagnostics without target codegen
linking	object-link-pipeline	planned	-	-	-	descriptor contract records exist but real object/relocation/native link emission remains incomplete
